"regine_main","station_name","area_total","utm_east_z33","utm_north_z33","perc_agricul","perc_bog","perc_forest","perc_glacier","perc_lake","perc_mountain","perc_urban","height_minimum","height_maximum"
"122.11","Eggafoss",655.1799926757812,306061.0,6.979097e6,2.109999895095825,12.569999694824219,24.549999237060547,0.0,2.8399999141693115,43.959999084472656,0.03999999910593033,285.0,1284.0
"191.2","Øvrevatn",526.02001953125,618348.0,7.64132e6,2.0899999141693115,2.4700000286102295,35.16999816894531,0.3799999952316284,2.6600000858306885,52.279998779296875,0.0,8.0,1503.0
