"regine_main","station_name","area_total","utm_east_z33","utm_north_z33","perc_agricul","perc_bog","perc_forest","perc_glacier","perc_lake","perc_mountain","perc_urban","height_minimum","height_maximum"
"2.32","Atnasjø",463.29998779296875,248696.0,6.866933e6,0.4300000071525574,2.1600000858306885,22.229999542236328,0.0,1.7300000190734863,68.20999908447266,0.0,701.0,2170.0
"2.279","Kråkfoss",435.2099914550781,282324.0,6.672734e6,11.029999732971191,4.139999866485596,75.5999984741211,0.0,3.9100000858306885,0.0,3.2200000286102295,105.0,807.0
"12.70","Etna",568.530029296875,209139.0,6.769367e6,1.4199999570846558,17.770000457763672,49.130001068115234,0.0,4.420000076293945,12.350000381469727,0.019999999552965164,399.0,1681.0
"22.4","Kjølemo",1757.699951171875,60379.0,6.466492e6,1.3700000047683716,6.090000152587891,47.04999923706055,0.0,7.849999904632568,32.939998626708984,0.0,10.0,1160.0
"62.5","Bulken (Vangsvatnet)",1091.6500244140625,24518.0,6.753006e6,3.390000104904175,2.2899999618530273,32.70000076293945,0.3700000047683716,3.4800000190734863,53.40999984741211,0.27000001072883606,47.0,1602.0
"122.11","Eggafoss",655.1799926757812,306061.0,6.979097e6,2.109999895095825,12.569999694824219,24.549999237060547,0.0,2.8399999141693115,43.959999084472656,0.03999999910593033,285.0,1284.0
"191.2","Øvrevatn",526.02001953125,618348.0,7.64132e6,2.0899999141693115,2.4700000286102295,35.16999816894531,0.3799999952316284,2.6600000858306885,52.279998779296875,0.0,8.0,1503.0
"224.1","Skoganvarre",940.72998046875,886448.0,7.779725e6,0.0,6.380000114440918,41.779998779296875,0.0,6.059999942779541,40.61000061035156,0.0,69.0,1043.0
